Alvenaria,CIVIL
Bases Alvenaria,CIVIL
Chapisco,CIVIL
Reboco,CIVIL
Esgoto,HIDRÁULICA
Água Fria,HIDRÁULICA
Água Quente,HIDRÁULICA
Águas Pluviais,HIDRÁULICA
Louças,HIDRÁULICA
Metais,HIDRÁULICA
Reservatórios,HIDRÁULICA
Infra Elétrica,ELÉTRICA
Infra CFTV,ELÉTRICA
Fiações,ELÉTRICA
Quadros,ELÉTRICA
Instalações Provisorias,ELÉTRICA
Tomadas,ELÉTRICA
Iluminação,ELÉTRICA
MDF,MARCENARIA
Portas,MARCENARIA
Rodapés,MARCENARIA
Textura,PINTURA
Pintura Forro Gesso,PINTURA
Pintura Teto Preto,PINTURA
Pintura Amarelo,PINTURA
Pintura Infra,PINTURA
Pintura Piso concreto,PINTURA
Bebedouros,GRANITOS
Soleiras,GRANITOS
Escadas,GRANITOS
